MovieID,Title,NumNodes,NumEdges,AvgDegree,Density,AvgClustering,Modularity,MeanEdgeSentiment,StdEdgeSentiment,SkewEdgeSentiment,KurtEdgeSentiment,AvgShortestPath,Diameter,AvgBetweenness,AvgCloseness,AvgEigenvector,Assortativity,Group
m203,the godfather,23,58,5.043478260869565,0.11462450592885376,0.18630355152094283,0.34126040428061827,0.051864480399586896,0.19324171426198883,-0.31121706436646657,0.5790880173748523,2.4071146245059287,4,0.06700545830980613,0.43206894883835006,0.1642408284439498,-0.47574130508392615,Top
m348,fight club,17,32,3.764705882352941,0.11764705882352941,0.0,-0.03515625,-0.025132554623820243,0.17581434206338123,-0.3774709836358979,-0.4411520417408825,2.073529411764706,3,0.07156862745098039,0.49828917983076193,0.20360563679505445,-0.8264625049077345,Top
m433,the matrix,12,30,5.0,0.22727272727272727,0.2916666666666667,0.27777777777777785,-0.022970931693306683,0.1357432438557218,-0.6530735407233205,1.205301117398597,2.1555555555555554,4,0.14444444444444443,0.4871203796203797,0.2612113916616577,-0.03535353535353621,Top
m529,star wars,12,24,4.0,0.18181818181818182,0.1726190476190476,0.2534722222222222,-0.019420257152184237,0.2200508015786676,-1.1964506023963204,3.1494597080932945,1.8888888888888888,3,0.11111111111111112,0.5520716112531969,0.28046547098917785,-0.5713172252533126,Top
m76,gladiator,14,34,4.857142857142857,0.18681318681318682,0.3829004329004329,0.17474048442906576,0.08267430672248033,0.1803017521742588,0.3143735342240448,0.3520428479301154,1.901098901098901,3,0.07509157509157509,0.5433256029684601,0.23338680740715592,-0.7114268255423158,Top
m504,schindler's list,13,24,3.6923076923076925,0.15384615384615385,0.0,-0.1145833333333333,0.06239462588618052,0.18358672786127092,0.7277602390941295,2.509202013283076,1.9743589743589745,3,0.08857808857808859,0.5255513717052179,0.2398165770837282,-0.8676639815880326,Top
m436,memento,11,20,3.6363636363636362,0.2,0.0,0.1322314049586777,0.041964545221673345,0.14642068637465713,1.1107158968873763,2.0450811490099516,2.036363636363636,3,0.11515151515151514,0.5096644841226885,0.26939968471551917,-0.7142857142857145,Top
m502,saving private ryan,9,26,5.777777777777778,0.3611111111111111,0.4841269841269842,0.09763313609467457,-0.020161322504182344,0.15589807662131813,-0.6677658930865921,0.7369682656716536,1.7222222222222223,3,0.10317460317460317,0.6044699672150653,0.30076068619402746,-0.6871584699453563,Top
m592,the usual suspects,16,32,4.0,0.13333333333333333,0.19642857142857142,0.412109375,-0.03603956740464826,0.14868163862703374,-0.2200091609515083,0.19981221306938357,2.3484848484848486,4,0.13484848484848486,0.4431426606471897,0.23991451633261462,-0.3542319749216301,Top
m369,the godfather: part ii,32,70,4.375,0.07056451612903226,0.19131753663003664,0.4824489795918367,0.039699593824930296,0.14970758518199132,-0.22822631074266111,-0.535120577684304,2.3636363636363638,5,0.06818181818181818,0.440233636479608,0.17049121718667745,-0.34189151982378874,Top
m419,the silence of the lambs,15,28,3.7333333333333334,0.13333333333333333,0.0,0.1377551020408163,0.07096056578664968,0.18184114694146575,-0.04205679835346164,-0.035659830084642685,2.2095238095238097,4,0.09304029304029303,0.47208353260003194,0.21624601770895985,-0.6724531749657375,Top
m40,braveheart,15,36,4.8,0.17142857142857143,0.32857142857142857,0.4027777777777778,-0.07366423681257012,0.21885592311624805,-0.5875338392092031,-0.1449344538043018,2.7523809523809524,6,0.13479853479853482,0.38229210040174333,0.21780773385620894,-0.2714285714285709,Top
m574,titanic,19,36,3.789473684210526,0.10526315789473684,0.0982456140350877,0.5200617283950617,0.0716591091222949,0.15437960451096264,0.8479122446758532,0.39363818718375,2.9904761904761905,6,0.1531135531135531,0.3507110415966245,0.20003192127054362,0.016248153618906594,Top
m182,the sixth sense,7,12,3.4285714285714284,0.2857142857142857,0.0,0.23611111111111108,0.038793438903863435,0.20321980973879605,-0.7835678507342897,0.2217155568694893,2.380952380952381,5,0.2761904761904762,0.44066960608313993,0.35119847019943756,-0.3333333333333326,Top
m547,terminator 2: judgment day,10,20,4.0,0.2222222222222222,0.15333333333333332,0.265,-0.03628293623493624,0.21552667528549485,0.15987949853645989,0.012113766118490243,1.9642857142857142,4,0.1607142857142857,0.5364898989898991,0.31637258121386924,-0.18721461187214683,Top
m372,goodfellas,15,28,3.7333333333333334,0.13333333333333333,0.08015873015873015,0.42091836734693877,-0.06688641066953097,0.20409819493154524,-0.6515186263032244,0.12320369926058028,2.2948717948717947,4,0.11771561771561771,0.4559362859362859,0.23509714043913751,-0.44278010784901156,Top
m55,eternal sunshine of the spotless mind,14,36,5.142857142857143,0.1978021978021978,0.2710884353741496,0.316358024691358,0.0829554579289628,0.18736533628409952,-0.02137581751375299,0.382600391408523,2.0303030303030303,3,0.10303030303030303,0.5092937545388526,0.2536980408559613,-0.4266666666666667,Top
m463,one flew over the cuckoo's nest,21,56,5.333333333333333,0.13333333333333333,0.3358232181761594,0.28125,0.0470540884264545,0.13321729017732503,-0.23327202309326794,0.24031312367417268,2.0238095238095237,3,0.05388471177944863,0.5088175873064925,0.18316883479751075,-0.5545521871043266,Top
m170,reservoir dogs,13,34,5.230769230769231,0.21794871794871795,0.23846153846153847,0.19723183391003457,-0.07880643827668007,0.21596608187612282,-0.26675718284135064,1.2441016939039713,2.358974358974359,4,0.12354312354312355,0.44719291210114,0.2250027411820463,-0.05934718100890155,Top
m50,donnie darko,19,44,4.631578947368421,0.1286549707602339,0.19919028340080971,0.32851239669421484,-0.0047437575243596064,0.19623367411915554,-0.6331620980738215,3.366916998004365,2.409356725146199,5,0.08290333677330582,0.43557662227525556,0.181850728546272,-0.4897153200592397,Top
m489,star wars: episode vi - return of the jedi,14,30,4.285714285714286,0.16483516483516483,0.09285714285714286,0.39555555555555555,0.035793794312169315,0.1585123048444752,-0.3584860750071035,-0.8211147032891266,2.7142857142857144,5,0.14285714285714285,0.38606328364052145,0.21711392833039175,-0.23134328358208972,Top
m253,back to the future,12,24,4.0,0.18181818181818182,0.16818181818181818,-0.12499999999999997,0.04136854348956851,0.1804136810234427,0.13020640416385693,-0.10119102916303557,1.8181818181818181,2,0.08181818181818182,0.5678571428571428,0.25534296090152214,-0.8879999999999999,Top
m114,l√©on,10,18,3.6,0.2,0.0,0.2098765432098765,0.05702291335978836,0.10460727546452064,0.5135197595172419,-0.3230353152882737,2.4,4,0.175,0.4343668831168831,0.2743966634894571,-0.7904509283819627,Top
m151,no country for old men,18,42,4.666666666666667,0.13725490196078433,0.17592592592592593,0.3968253968253968,0.044134285037991806,0.10120955578788521,-1.1076936234267427,2.7703568652474386,2.6470588235294117,4,0.10294117647058823,0.38998985697007915,0.18272835218008854,-0.6715668698458223,Top
m301,a clockwork orange,20,43,4.3,0.11578947368421053,0.20073529411764707,0.15185950413223134,0.021149951614922537,0.22762255684619503,-0.7548185091866376,0.6154385715949084,2.0473684210526315,3,0.058187134502923975,0.502557325287625,0.18843134705931344,-0.680572461362547,Top
m34,blade runner,18,36,4.0,0.11764705882352941,0.195679012345679,0.4429012345679012,0.028943994152866106,0.12121776957596175,0.27512504943267885,0.6284651184423149,2.6666666666666665,5,0.11904761904761905,0.389309532879471,0.20006348089005815,-0.5887133182844245,Top
m323,die hard,11,28,5.090909090909091,0.2545454545454545,0.3212121212121212,0.20153061224489796,-0.018041381137137717,0.25593604245767854,-0.6894184307153998,1.3093981747286527,2.290909090909091,5,0.14343434343434344,0.460467092820034,0.24817530624482728,-0.4195183776932836,Top
m236,alien,7,26,7.428571428571429,0.6190476190476191,0.8238095238095238,-0.044378698224852076,-0.005785034117576234,0.08417197380846848,-0.3354138062005529,-0.4462570003397155,1.380952380952381,2,0.07619047619047618,0.7547619047619049,0.36470682326286086,-0.6627906976744194,Top
m549,the terminator,10,16,3.2,0.17777777777777778,0.0,0.4140625,0.021352048160173158,0.1462802349500457,-0.22894746346996295,-0.4527761995809203,2.107142857142857,4,0.1845238095238095,0.4989428699955016,0.31874076098478854,-0.4166666666666667,Top
m269,the big lebowski,21,44,4.190476190476191,0.10476190476190476,0.15357142857142858,0.1683884297520661,-0.02011699051962011,0.1972376913297861,-0.9473067162862948,1.5551762789574672,2.017543859649123,3,0.05985552115583075,0.5101068725665261,0.19328951796357047,-0.7217133620689652,Top
m514,the shining,12,32,5.333333333333333,0.24242424242424243,0.3361111111111111,0.255859375,0.13184318328832115,0.13107559632778007,0.4369609198551452,-0.04973933425413346,1.9333333333333333,4,0.11666666666666667,0.5414972527472528,0.28421401378416256,-0.170182841068917,Top
m247,apocalypse now,22,50,4.545454545454546,0.10822510822510822,0.12938205585264406,0.23359999999999997,-0.025852980285607067,0.15800243842457556,0.38854307179339836,0.16107658904270927,2.1125541125541125,4,0.05562770562770563,0.4876602605071614,0.1786409647907597,-0.664868509777478,Top
m98,indiana jones and the last crusade,9,22,4.888888888888889,0.3055555555555556,0.4007936507936508,0.020661157024793382,0.07315292784117831,0.18535309627681018,0.8008563519183587,2.1622030296998584,1.6944444444444444,2,0.0992063492063492,0.6126984126984127,0.3018022220351604,-0.7937131630648326,Top
m307,crash,5,8,3.2,0.4,0.0,-0.3125,-0.0550260708874459,0.14362815800894976,-0.4320890814089058,0.6525723125297067,1.6,2,0.2,0.6571428571428571,0.42426403914422683,-1.0,Top
m15,aliens,13,29,4.461538461538462,0.19230769230769232,0.3005494505494506,0.2933333333333333,0.038008686528232805,0.17446017684831214,0.6858092954231136,1.5938018223163963,1.9090909090909092,3,0.10101010101010101,0.5438950337275696,0.267656854066502,-0.5309842041312269,Top
m587,twelve monkeys,14,28,4.0,0.15384615384615385,0.08673469387755102,0.4311224489795918,-0.05336246965271615,0.17531598120113362,-0.5378559223671615,0.12274029611591208,2.5824175824175826,5,0.13186813186813187,0.40586291861975676,0.22037000999491194,-0.4093067426400756,Top
m42,casablanca,15,42,5.6,0.2,0.35414141414141415,0.21882086167800457,0.09043742066431489,0.12028255727443896,0.4195176965166258,1.9543550078366243,1.8205128205128205,3,0.07459207459207459,0.5694084089576626,0.2369617685258644,-0.5625105449637252,Top
m189,spider-man,18,42,4.666666666666667,0.13725490196078433,0.06604938271604938,0.38888888888888884,0.06166414451182885,0.20836858745577977,0.946106080676406,0.5915751012115118,2.542483660130719,5,0.09640522875816993,0.4093953525640684,0.19744788936507673,-0.46882494004796155,Top
m347,fargo,25,60,4.8,0.1,0.23406060606060605,0.3955555555555556,0.05821513705073816,0.14426713558980872,-0.513096968213906,3.136539990768897,2.4966666666666666,4,0.06507246376811594,0.4127150256267013,0.16372291367508157,-0.6389512344419509,Top
m332,l.a. confidential,21,54,5.142857142857143,0.12857142857142856,0.2792723149866007,0.32098765432098764,0.008427321592965656,0.1466275240241338,-0.5495745223533348,0.32425877294506167,2.4047619047619047,5,0.07393483709273184,0.4317765658982043,0.175398058248699,-0.6202106905969569,Top
m3,2001: a space odyssey,13,22,3.3846153846153846,0.15384615384615385,0.17948717948717946,0.4548611111111111,0.14488644514155877,0.14556712546374187,0.9704327490383186,0.6919593148663012,1.9444444444444444,3,0.1349206349206349,0.5379188712522046,0.29768855545770645,-0.6700336700336701,Top
m555,the truman show,16,28,3.5,0.11666666666666667,0.0,0.26785714285714285,0.08106286546147566,0.18593557580167624,1.7169284678450247,5.050663209460771,2.197802197802198,4,0.09981684981684981,0.4737699904523213,0.22598514248607562,-0.6008316008316007,Top
m205,taxi driver,13,26,4.0,0.16666666666666666,0.15524475524475523,0.011834319526627245,0.050852434020138185,0.1203924453986926,-0.44055829602916713,0.08412407454670001,1.9615384615384615,3,0.08741258741258742,0.5288958533105691,0.24036112261774267,-0.7741176470588237,Top
m536,dr. strangelove or: how i learned to stop worrying and love the bomb,18,34,3.7777777777777777,0.1111111111111111,0.2,0.6297577854671281,-0.015304456607100066,0.12542714591221168,-1.3411324147316128,4.832101992157993,2.107142857142857,4,0.18452380952380948,0.4984156468531468,0.3142361152174791,-0.7246376811594215,Top
m445,monty python and the holy grail,28,54,3.857142857142857,0.07142857142857142,0.05119047619047619,0.618655692729767,0.03509754558969836,0.1788865468390302,-0.7338218607917425,1.5453832990031673,3.986666666666667,8,0.12985507246376812,0.2593008946152438,0.13505861997988813,-0.4468085106382974,Top
m579,toy story,12,26,4.333333333333333,0.19696969696969696,0.2867063492063492,0.26627218934911245,-0.014875566336460751,0.14991872134534462,-0.0038439225649949424,-0.7836728150466996,1.8888888888888888,3,0.11111111111111112,0.5521323529411765,0.27896872005385753,-0.4570596797671037,Top
m95,i am legend,5,8,3.2,0.4,0.0,-0.3125,0.11307177083333333,0.21956806081076763,1.1985380999157316,0.9428474967097409,1.6,2,0.2,0.6571428571428571,0.42426403914422683,-1.0,Top
m373,good will hunting,18,40,4.444444444444445,0.13071895424836602,0.14563492063492064,0.41874999999999996,0.030864878086663806,0.16390029149351404,-0.87939080723228,2.1733855403435625,2.4836601307189543,4,0.09272875816993463,0.4166518548503453,0.1959137626902139,-0.6711590296495951,Top
m582,trainspotting,14,36,5.142857142857143,0.1978021978021978,0.1937074829931973,0.2978395061728395,0.03141224036684564,0.18559147553464117,0.5225341682267255,0.186935961419735,2.2857142857142856,5,0.10714285714285712,0.4594917277957803,0.22172420211529537,-0.4521739130434781,Top
m411,jurassic park,13,40,6.153846153846154,0.2564102564102564,0.4208791208791208,0.1975,0.034000798877335245,0.16244401419633767,-0.05202949909783964,0.3776370849093351,2.128205128205128,4,0.10256410256410256,0.49177812716772873,0.23737953628806246,-0.3080168776371294,Top
m109,juno,16,34,4.25,0.14166666666666666,0.1708333333333333,0.3633217993079585,0.10489985574568338,0.15299836990549398,0.09026767725572774,0.32119060661351906,2.1538461538461537,4,0.09615384615384616,0.4836178780821639,0.2245546763288851,-0.4604662949822604,Top
m97,independence day,19,36,3.789473684210526,0.10526315789473684,0.1543859649122807,0.58179012345679,0.026127421991588653,0.18276937953242786,1.1649047822445668,2.050490761703224,3.076923076923077,7,0.17307692307692307,0.3387562367998832,0.227625641546432,-0.1719532554257096,Top
m482,psycho,14,32,4.571428571428571,0.17582417582417584,0.2928571428571428,0.296875,0.0034979486947965075,0.13708372756366188,0.20413952706565358,0.37075475009849823,1.9555555555555555,3,0.11944444444444442,0.5301706188548294,0.28239216921034,-0.06532663316582915,Top
m30,big fish,11,28,5.090909090909091,0.2545454545454545,0.3191919191919192,0.19387755102040818,0.058579296373561074,0.10775433904601447,0.3118586831570576,-0.7815190961530059,1.8363636363636364,3,0.09292929292929294,0.5658591260195538,0.2634830315922301,-0.7455470737913473,Top
m108,jaws,12,28,4.666666666666667,0.21212121212121213,0.30357142857142855,0.2423469387755102,0.04572289184513518,0.20497552930286667,-0.1553490257238666,3.128218990079014,1.8444444444444446,3,0.10555555555555556,0.5655485020094994,0.28188008594412534,-0.45098039215686264,Top
m298,citizen kane,21,52,4.9523809523809526,0.12380952380952381,0.18021978021978022,0.3498520710059172,0.10015912027205892,0.2021069211785115,1.1357490648661537,1.346198496490027,2.4210526315789473,6,0.08359133126934985,0.43356859431744543,0.1892987838412672,-0.5058467464575596,Top
m566,the pianist,18,36,4.0,0.11764705882352941,0.14936914936914936,0.14197530864197527,0.11317372574955908,0.19658244157101082,0.7290522274288788,1.6701557033109022,1.9666666666666666,3,0.06904761904761905,0.5250346366995073,0.21329131554758252,-0.6779281148833736,Top
m126,minority report,20,46,4.6,0.12105263157894737,0.14487179487179486,0.3156899810964084,-0.006722646858925458,0.16098928917728206,-0.8010789326875193,4.094195396682352,2.2091503267973858,4,0.07557189542483661,0.4719172148338815,0.19176120315397938,-0.4926417370325694,Top
m612,watchmen,16,30,3.75,0.125,0.14583333333333334,0.4111111111111111,-0.05541641669752331,0.16401593408877224,0.7657460126511864,1.5081858217895734,2.1333333333333333,4,0.14166666666666666,0.4915987816531294,0.2767293196435271,-0.04444444444444372,Top
m414,king kong,7,14,4.0,0.3333333333333333,0.11904761904761904,0.22448979591836735,0.04609525810324129,0.15772555436058872,1.1119487771812777,1.647727810436506,1.9047619047619047,3,0.18095238095238095,0.5519361590790163,0.3441664368145739,-0.4848484848484842,Top
m5,the fifth element,22,44,4.0,0.09523809523809523,0.050826446280991734,0.4989669421487603,0.06835588489603829,0.19253411200236017,-0.2472747052555909,0.37785687884679,2.5555555555555554,5,0.09150326797385622,0.4067686914515324,0.18621954831770926,-0.48508634222919944,Top
m425,lost in translation,9,16,3.5555555555555554,0.2222222222222222,0.0,0.2734375,0.14316874626068377,0.11565864194454821,0.46686609641796023,0.5013850849491597,2.2777777777777777,4,0.18253968253968253,0.45896736142350175,0.29785073498059655,-0.6444444444444445,Top
m422,"lock, stock and two smoking barrels",23,54,4.695652173913044,0.1067193675889328,0.22753623188405794,0.6056241426611797,0.05730807488807489,0.17382633233120673,-0.07408023346638799,0.6003365578500621,3.376190476190476,7,0.12506265664160404,0.3069954848779075,0.15717571044916112,-0.07127112417340145,Top
m480,the princess bride,15,38,5.066666666666666,0.18095238095238095,0.22444444444444445,0.3642659279778393,-0.04162543279429594,0.17315767817966893,-0.4943467567454669,-0.29009410126121393,2.227272727272727,5,0.12272727272727273,0.4676393870365421,0.2521724036258297,-0.013333333333333195,Top
m282,the bourne identity,18,32,3.5555555555555554,0.10457516339869281,0.11234567901234567,0.427734375,0.010932576173929478,0.1526995965262578,-0.922014017887746,1.9307136412726287,2.142857142857143,3,0.09523809523809523,0.48310220552867617,0.22717404490874768,-0.5194186920571285,Top
m428,magnolia,36,72,4.0,0.05714285714285714,0.07777777777777778,0.6929012345679012,0.0076541776235708875,0.16635568835138656,-0.3875144124351561,1.7445982738035797,2.676470588235294,5,0.11176470588235293,0.38510018915713956,0.2015814058420345,-0.516438356164384,Top
m614,x-men,9,24,5.333333333333333,0.3333333333333333,0.22592592592592592,0.15972222222222215,0.020827453703703713,0.19843126865002542,-1.0259209538613974,3.5804778532730746,1.9166666666666667,4,0.13095238095238093,0.5377667167140852,0.3118423126199848,-0.3018867924528312,Top
m125,men in black,14,32,4.571428571428571,0.17582417582417584,0.19437229437229436,0.23046875,0.03708122822056416,0.15801825665248373,0.5840914293420503,1.8189922768164504,2.0549450549450547,4,0.08791208791208792,0.5065250965250966,0.22757368355783045,-0.6120906801007556,Top
m167,rear window,10,20,4.0,0.2222222222222222,0.20357142857142857,0.08000000000000002,0.04787281782341589,0.11120987482900206,0.598501737143095,0.3244938838752587,1.9333333333333333,3,0.11666666666666665,0.5396323529411765,0.2797157647662213,-0.720116618075802,Top
m267,being john malkovich,19,42,4.421052631578948,0.12280701754385964,0.17969924812030078,0.3866213151927438,0.12607275470879928,0.13802742633115744,0.06090814970256565,-0.8341801799582313,2.4,4,0.10769230769230771,0.43322225928160224,0.21604435111158926,-0.32934926958831334,Top
m179,signs,7,16,4.571428571428571,0.38095238095238093,0.31428571428571433,0.1484375,-0.0462051313393148,0.11462740826776903,-0.057468117423090714,1.0624791464628496,1.7619047619047619,3,0.15238095238095237,0.5949288806431662,0.34584928116449726,-0.6,Top
m262,batman,15,29,3.8666666666666667,0.14285714285714285,0.22888888888888886,0.48888888888888893,-0.009607092900917965,0.18651331903520457,-0.21401159995740737,0.2589695777026515,2.2222222222222223,4,0.15277777777777776,0.4681181951041286,0.2846175673956427,-0.2219959266802444,Top
m99,indiana jones and the temple of doom,8,22,5.5,0.39285714285714285,0.48214285714285715,0.0991735537190083,-0.04873198924308015,0.1324605120279788,-0.28359220520774575,-0.1504448611128315,1.6071428571428572,2,0.10119047619047619,0.6464306526806527,0.3219425462323681,-0.7338003502626971,Top
m289,casino,44,102,4.636363636363637,0.05391120507399577,0.18183785911058636,0.45155709342560557,0.04194016947719501,0.16448721371405794,-0.5802654829769586,1.8273465998714027,2.5168690958164643,5,0.04099646204909362,0.40896405643064543,0.12206690336959691,-0.5088274803300713,Top
m474,platoon,13,29,4.461538461538462,0.19230769230769232,0.2076923076923077,0.38,-0.19239430760810072,0.21843932638003605,-0.21219832334096933,-1.2041706040042028,2.066666666666667,4,0.1333333333333333,0.5032899581237177,0.2875833833719449,-0.03960396039604002,Top
m206,the rock,4,6,3.0,0.5,0.0,-0.33333333333333337,0.0074306944444444455,0.072205471640442,-0.07548210198333098,-1.7182279965985974,1.5,2,0.25,0.7000000000000001,0.48296289541914517,-1.0,Top
m517,sleepy hollow,16,30,3.75,0.125,0.12580128205128205,-0.015555555555555552,-0.044282709672755605,0.13790510601525996,0.7179826475818509,1.4061608959041987,1.8461538461538463,2,0.07051282051282051,0.5573809523809523,0.23345934896604872,-0.7855280312907431,Top
m240,american pie,19,43,4.526315789473684,0.1286549707602339,0.15914786967418548,0.44111570247933884,0.08943610669749931,0.14642053936192187,-0.13793649802584815,-0.1083902475168359,2.426900584795322,4,0.08393532851737187,0.4265812769307604,0.18900803298226074,-0.5044117647058831,Top
m302,collateral,14,26,3.7142857142857144,0.14285714285714285,0.17346938775510207,0.4053254437869823,-0.021226577554669262,0.2124869623662484,-0.5177934304239066,1.675307672038901,1.8333333333333333,3,0.11904761904761904,0.5688294811101828,0.2989957133745791,-0.42729970326409533,Top
m341,the exorcist,20,44,4.4,0.11578947368421053,0.21225108225108222,0.41012396694214875,0.01325846719590232,0.18460153447723646,-0.8554730294132216,3.55349549285945,2.3529411764705883,5,0.08455882352941176,0.4421049511370375,0.19192901766636972,-0.5035769034236075,Top
m39,the bourne supremacy,16,28,3.5,0.11666666666666667,0.07291666666666667,0.48214285714285704,-0.007626581983014256,0.12333092029084641,-0.1753734602562959,0.4027418318725857,2.3333333333333335,4,0.13333333333333333,0.44675909767788174,0.24764343289904223,-0.34025374855824725,Top
m448,mulholland dr.,22,34,3.090909090909091,0.0735930735930736,0.0,0.685121107266436,0.063420384043353,0.1684720077681665,-0.927561894236802,2.0829292112959763,1.7777777777777777,2,0.1111111111111111,0.585185185185185,0.30078975701300315,-0.5773935048502742,Top
m41,the butterfly effect,15,34,4.533333333333333,0.1619047619047619,0.2692307692307692,0.143598615916955,-0.044607830638247734,0.17784974648184354,0.05585082178842719,-0.18393105737502724,1.9428571428571428,3,0.07252747252747253,0.5317142999950017,0.22327666748651703,-0.7023726448011164,Top
m610,the wizard of oz,17,50,5.882352941176471,0.18382352941176472,0.4793363499245852,0.25999999999999995,0.039285407004740806,0.16561993486847718,0.34081462215468533,0.18249065206759685,1.8666666666666667,3,0.06666666666666667,0.551868945868946,0.2211225503405311,-0.42105263157894735,Top
m43,cast away,16,28,3.5,0.11666666666666667,0.0,-0.12755102040816324,0.025986004438644135,0.14258195862091963,0.10092315627528743,-0.5158015077021587,1.8571428571428572,2,0.07142857142857142,0.5542857142857142,0.23261531491283285,-0.8666666666666663,Top
m343,face/off,15,34,4.533333333333333,0.1619047619047619,0.21158730158730157,0.24913494809688586,0.017127221184967345,0.13617187600029843,-0.460162700405631,0.05324228631409289,2.066666666666667,3,0.08205128205128205,0.4999873006324618,0.21993231088324108,-0.8657613535173638,Top
m402,it's a wonderful life,30,58,3.8666666666666667,0.06666666666666667,0.1,0.2080856123662306,0.13357709232525522,0.17831853380634016,1.2424634248788167,2.0955014082322156,2.1994301994301995,4,0.047977207977207975,0.4693094466679373,0.15381308595993037,-0.6424772667917091,Top
m20,american psycho,17,34,4.0,0.125,0.11813725490196078,-0.15743944636678217,0.045043581499236665,0.14525520670994596,0.22367833511461646,0.29201613783192215,1.875,2,0.058333333333333334,0.5466160657811512,0.2086377265480534,-0.9115555555555555,Top
m591,unforgiven,15,36,4.8,0.17142857142857143,0.30158730158730157,0.2962962962962963,-0.013217295080070487,0.16954959996667818,0.11236694179914615,-0.6416925110751714,2.3714285714285714,4,0.10549450549450551,0.4383654901460777,0.2219419141563513,-0.42884801548886686,Top
m491,rocky,21,40,3.8095238095238093,0.09523809523809523,0.09576138147566719,0.29875,0.04992952042842103,0.12407041229998071,-0.13258708660494348,-0.3489474670657562,2.4035087719298245,5,0.08255933952528381,0.43507067387041715,0.18409788949892966,-0.5965207631874299,Top
m16,amadeus,28,69,4.928571428571429,0.09259259259259259,0.3547052154195011,0.36653061224489797,0.09200520364453109,0.20303387472085418,-0.04768357639012489,6.544509372681416,2.0,3,0.0625,0.5177594627526978,0.2016513477509012,-0.2695503421309874,Top
m590,unbreakable,10,22,4.4,0.24444444444444444,0.24047619047619045,0.09090909090909091,0.05670308695216902,0.14981675219573606,1.058984354882947,0.872399109776508,1.8666666666666667,3,0.10833333333333332,0.5576948051948052,0.281229010149539,-0.782407407407407,Top
m217,there's something about mary,18,42,4.666666666666667,0.13725490196078433,0.19957264957264956,0.26530612244897955,0.05859759486409312,0.1632870887322739,1.3348289064994587,3.63765939997723,2.1372549019607843,3,0.07107843137254903,0.48257138314609577,0.2001921614695499,-0.7169205358781435,Top
m468,pearl harbor,21,38,3.619047619047619,0.09047619047619047,0.023809523809523808,0.5263157894736842,0.0243916160192147,0.1723404259136693,-0.442394694832376,0.6569973006879719,2.6153846153846154,6,0.1346153846153846,0.4002152594245437,0.22441988269984245,-0.17246835443037953,Top
m142,the mummy,10,24,4.8,0.26666666666666666,0.37,0.19097222222222218,-0.08544895192906223,0.21283896988090878,-1.709221108816906,3.554714257730307,1.7857142857142858,3,0.13095238095238096,0.5865181795328853,0.32315348758370316,-0.1162790697674423,Top
m153,"o brother, where art thou?",15,25,3.3333333333333335,0.12380952380952381,0.1365079365079365,0.4940828402366864,0.03724167860374918,0.14823142137020706,1.5940379974418357,5.499806947581863,1.9166666666666667,3,0.13095238095238093,0.545326278659612,0.2973278305410706,-0.405063291139241,Top
m390,hotel rwanda,20,42,4.2,0.11052631578947368,0.13391812865497074,-0.09523809523809525,0.023686674432452832,0.18062375453710297,-1.4535468700100138,3.2985215080711834,1.8894736842105264,2,0.049415204678362565,0.5407314457314458,0.1902397236616482,-0.868459946792788,Top
m594,vertigo,10,18,3.6,0.2,0.0,-0.07407407407407408,0.02841065908990243,0.1311268628722249,-1.5296993810452815,2.981068184193031,1.9555555555555555,3,0.11944444444444444,0.5337500000000001,0.27962809564765095,-0.834763948497855,Top
m249,as good as it gets,15,32,4.266666666666667,0.1523809523809524,0.09037037037037038,0.388671875,0.018740545670192787,0.17770919413547104,-0.8816140762640424,0.14960157008693464,2.219047619047619,3,0.09377289377289376,0.4670957649830056,0.2178641102859831,-0.6693032015065913,Top
m507,scream,16,40,5.0,0.16666666666666666,0.22172619047619047,0.3075,-0.041028701823998835,0.143710421441373,-0.07261413334314805,-0.5461234622297009,2.0454545454545454,4,0.10454545454545455,0.5108581750851487,0.24912430967878285,-0.032078103207810536,Top
m181,simone,18,38,4.222222222222222,0.12418300653594772,0.14882154882154883,0.3448753462603878,0.07740907965899839,0.16832440561848186,-1.1082607600551753,4.446375924302602,2.1333333333333333,4,0.08095238095238097,0.48751704025141523,0.2091171240207557,-0.5673040869891264,Bottom
m527,spare me,15,42,5.6,0.2,0.3808080808080808,0.20861678004535145,0.045301522054380206,0.14974552263499538,0.3902920727358107,0.5527512708138,1.8205128205128205,3,0.07459207459207459,0.568451699762967,0.24242762607332466,-0.5037037037037031,Bottom
m160,plastic man,8,28,7.0,0.5,0.5499999999999999,-0.038265306122448994,0.05376576753889963,0.1845909122067955,-0.6291059629662558,0.03655117782635742,1.6428571428571428,3,0.10714285714285712,0.6401709401709401,0.32216467557162126,-0.3424657534246564,Bottom
m135,mighty morphin power rangers,16,34,4.25,0.14166666666666666,0.40208333333333335,0.4134948096885813,-0.007486225490196078,0.1516668450867884,-0.46587984621235096,1.0255737197741022,2.0,4,0.14285714285714288,0.5271279192847821,0.28829185574898114,0.05889281507656074,Bottom
m488,red white black & blue,11,24,4.363636363636363,0.21818181818181817,0.24646464646464647,-0.010416666666666671,0.016094044871065107,0.15252371058723033,-1.118318852495122,2.108911223107185,1.7818181818181817,2,0.08686868686868687,0.5803233574131407,0.26852043862452735,-0.8224755700325735,Bottom
m588,u-turn,14,34,4.857142857142857,0.18681318681318682,0.3852813852813853,0.21453287197231835,-0.019930786333509136,0.10756323974556631,0.2417393253437043,0.39843584043062297,1.934065934065934,3,0.07783882783882783,0.5353344671201814,0.23200372381070683,-0.6107132199343486,Bottom
m337,star wars: the empire strikes back,16,46,5.75,0.19166666666666668,0.3949404761904762,0.31663516068052927,0.03360323509492228,0.158812675260325,-0.23929604520942546,-0.489294913761269,2.3583333333333334,4,0.09702380952380954,0.4384411995201861,0.2035448226939376,-0.48626817447496107,Bottom
m115,labor of love,19,34,3.5789473684210527,0.09941520467836257,0.0,0.18166089965397914,0.026560759464563637,0.13363100074584158,-1.0158178452291413,1.0470352878693427,2.176470588235294,4,0.0784313725490196,0.47667328398544273,0.20158645690636817,-0.6567100032233802,Bottom
m486,quantum project,3,4,2.6666666666666665,0.6666666666666666,0.0,-0.375,-0.00139375,0.026310035484345132,-0.0622910070415032,-1.5589113346216534,1.3333333333333333,2,0.3333333333333333,0.7777777777777777,0.5690356063072538,-1.0,Bottom
m457,neuromancer,13,32,4.923076923076923,0.20512820512820512,0.2606060606060606,0.20703125,-0.019236827474661718,0.21809373139797025,-1.261378387077827,1.63900270097108,1.8974358974358974,3,0.0815850815850816,0.545731191885038,0.24068700384476768,-0.7485945581290758,Bottom
m575,transatlantic merry-go-round,14,52,7.428571428571429,0.2857142857142857,0.47210884353741495,0.20044378698224852,0.05861901385113551,0.16161994874536698,-0.6225620497743225,1.115212094899447,2.0549450549450547,4,0.08791208791208792,0.5060680464783395,0.2283847038770293,-0.04690743046907237,Bottom
m603,the witching hour,15,28,3.7333333333333334,0.13333333333333333,0.1814814814814815,0.38010204081632654,0.04438453617654745,0.15101297971785868,-0.20246602520889395,0.3469295668180976,1.9272727272727272,3,0.10303030303030303,0.5402912699563417,0.2637816386176279,-0.4795321637426897,Bottom
m138,my mother dreams the satan's disciples in new york,5,8,3.2,0.4,0.0,-0.3125,0.10206435064935065,0.09434528564459252,0.9122818448405868,0.07612483819159266,1.6,2,0.2,0.6571428571428571,0.42426403914422683,-1.0,Bottom
m420,last of the mohicans,12,34,5.666666666666667,0.25757575757575757,0.2714285714285714,0.1903114186851211,0.009502541678952299,0.22656394803210042,-0.03146388153257953,0.6995135148557634,2.0757575757575757,4,0.10757575757575756,0.5047608940291615,0.24822972430693968,-0.49610591900311646,Bottom
m449,"""murderland""",8,20,5.0,0.35714285714285715,0.35416666666666663,0.08500000000000002,0.01864905584856443,0.22001007422107238,0.12204957495909506,2.049367327932436,2.107142857142857,5,0.1845238095238095,0.5007575757575757,0.3125335966422781,-1.942890293094024e-15,Bottom
m580,the magic toyshop,4,6,3.0,0.5,0.0,-0.33333333333333337,0.012457444444444445,0.04767613087150155,0.23450954686546305,-0.8018401383801166,1.5,2,0.25,0.7000000000000001,0.48296289541914517,-1.0,Bottom
m604,white angel,6,14,4.666666666666667,0.4666666666666667,0.4777777777777778,0.03061224489795916,-0.024289416736581367,0.13420802034342177,0.37409688725891127,-0.7992663834987761,1.5333333333333334,2,0.13333333333333333,0.6792328042328043,0.3835907835511781,-0.7657657657657667,Bottom
m526,spacejacked,13,26,4.0,0.16666666666666666,0.14102564102564102,0.5,0.0654963210745724,0.2063874535457952,0.49940136523419265,-0.273683392806475,2.7333333333333334,6,0.21666666666666665,0.3838747630078899,0.2610318806146041,-0.058139534883720964,Bottom
m171,roughshod,13,34,5.230769230769231,0.21794871794871795,0.19963369963369965,0.25778546712802763,0.007730776261653027,0.09443610547322781,-0.08916460883111056,-0.5457375240026971,2.230769230769231,4,0.11188811188811187,0.4633580782790939,0.2459263169114827,-0.6078971533517002,Bottom
m237,alien vs. predator,13,26,4.0,0.16666666666666666,0.21538461538461537,0.42899408284023677,0.03650772893772894,0.16113517144197656,0.7436917001133769,0.5325074721284442,1.9642857142857142,4,0.1607142857142857,0.5364583333333333,0.3063938007812208,0.09722222222222203,Bottom
m593,verdict,22,56,5.090909090909091,0.12121212121212122,0.26701222753854337,0.22767857142857142,0.040209859195002744,0.14132396352298301,-0.3008053875654629,0.381407668209369,2.116883116883117,4,0.05584415584415585,0.4901641425349542,0.17458776034516746,-0.620211898940505,Bottom
m82,"happy birthday, wanda june",9,30,6.666666666666667,0.4166666666666667,0.9333333333333333,0.0911111111111111,0.013869370165775646,0.1372105063443997,0.944055136813851,3.492077796271227,1.2,2,0.05000000000000001,0.8541666666666666,0.39976525878168845,0.411764705882353,Bottom
m476,the ploughman's lunch,12,26,4.333333333333333,0.19696969696969696,0.17037037037037037,0.06804733727810654,0.09188207968230026,0.13861697253422486,0.3715461052460634,-0.07798828381263823,1.9242424242424243,3,0.09242424242424242,0.5398067726788235,0.2524849809519631,-0.7476190476190474,Bottom
m475,playback,18,44,4.888888888888889,0.1437908496732026,0.1257936507936508,0.3512396694214876,0.041867504603788935,0.12856695433895457,0.1821365417515526,0.5959076074992833,2.418300653594771,4,0.0886437908496732,0.42994591457201825,0.1909608981146817,-0.4578313253012055,Bottom
m392,house of the damned,6,22,7.333333333333333,0.7333333333333333,0.7111111111111111,-0.11983471074380163,0.024794801076077823,0.1562698817029926,-0.4527339966264815,1.7113892151182837,1.2666666666666666,2,0.06666666666666667,0.8015873015873015,0.40362715871604077,-0.35616438356165087,Bottom
m75,ghostbusters,19,36,3.789473684210526,0.10526315789473684,0.07485380116959064,0.46759259259259256,0.09526217661428905,0.1676265312663948,0.3457664903540522,-0.5235853105370762,2.2857142857142856,4,0.09890109890109891,0.455752065554771,0.21556794136945293,-0.3978494623655915,Bottom
m508,seven,9,20,4.444444444444445,0.2777777777777778,0.2698412698412698,0.06499999999999999,0.0024996159042980693,0.10664959644111593,-0.6607985489349849,1.6023971886612776,1.8333333333333333,3,0.11904761904761904,0.5688294811101828,0.2989957133745791,-0.7770597738287565,Bottom
m275,bloodmoon,14,30,4.285714285714286,0.16483516483516483,0.18174603174603174,0.27333333333333326,0.07472823454556383,0.1519270577756079,-0.4769521668914114,0.2886684936672932,2.120879120879121,3,0.0934065934065934,0.4895312989051572,0.22918117635465987,-0.6266145989786721,Bottom
m354,five feet high and rising,9,14,3.111111111111111,0.19444444444444445,0.0,0.22448979591836732,0.0627981941867656,0.11117756238336714,0.16208335784101027,-0.7558449365396527,1.6666666666666667,2,0.16666666666666666,0.6296296296296297,0.38137434684238825,-0.7289156626506026,Bottom
m159,pirates of the caribbean,12,38,6.333333333333333,0.2878787878787879,0.5373015873015873,0.18975069252077562,0.026406354339435046,0.17728238906754185,0.6176896137383975,1.6109035403008818,1.9848484848484849,4,0.09848484848484847,0.5260863617068608,0.25361659048434315,-0.3401253918495292,Bottom
m387,hider in the house,13,26,4.0,0.16666666666666666,0.04358974358974359,0.42307692307692313,0.09162425049554956,0.18119948892187068,1.7138649451572743,6.936373119782745,2.4358974358974357,4,0.13053613053613053,0.42762209716085714,0.2359343028005815,-0.48631239935587744,Bottom
m260,batman and robin,13,28,4.3076923076923075,0.1794871794871795,0.22051282051282048,0.3596938775510204,0.02573417985914461,0.1704736244222517,-0.252662180202947,0.5155295766812431,1.8095238095238095,3,0.1619047619047619,0.5782931354359926,0.3416383003666844,-0.4183006535947712,Bottom
m455,nothing but a man,19,42,4.421052631578948,0.12280701754385964,0.21184210526315791,0.16326530612244897,0.04714766934195598,0.15965426414186631,-0.13636565775464346,2.3160212195715477,2.0584795321637426,4,0.06226350189198487,0.5019510069045673,0.19239067598532594,-0.6702297984554527,Bottom
m248,arctic blue,12,34,5.666666666666667,0.25757575757575757,0.4876984126984127,0.2456747404844291,-0.06854514405816278,0.14220628709998354,-0.11523914257279401,0.24311330487041527,2.3636363636363638,5,0.13636363636363638,0.447111803561225,0.24100819092280526,-0.1455525606469004,Bottom
m144,napoleon,28,50,3.5714285714285716,0.06613756613756613,0.0,0.20559999999999995,0.12292871661879999,0.227485916632464,0.3386831613131969,1.3065908536182285,2.213768115942029,4,0.05517127799736495,0.4668801783206961,0.16425800176520672,-0.6318707497725993,Bottom
m578,to sleep with anger,13,36,5.538461538461538,0.23076923076923078,0.40897435897435896,0.19753086419753085,0.023401490375689938,0.18849875009929307,1.303662787955475,4.427027511407927,1.8727272727272728,3,0.09696969696969697,0.5579232171337435,0.26764872398416656,-0.2912621359223303,Bottom
m9,the atomic submarine,8,18,4.5,0.32142857142857145,0.42083333333333334,0.16049382716049382,-0.008577630200228238,0.11262620471079927,0.2592853094815694,-0.9141590074717678,1.8928571428571428,3,0.14880952380952378,0.5503472222222222,0.324357418249238,-0.5797872340425527,Bottom
m495,route 9,12,32,5.333333333333333,0.24242424242424243,0.3849206349206349,0.212890625,0.015748403550568977,0.11326994819746938,-0.4739260749076452,1.5927432898181708,1.8888888888888888,4,0.11111111111111112,0.5558694181373883,0.28109089571035606,-0.22727272727272727,Bottom
m314,the curse,12,28,4.666666666666667,0.21212121212121213,0.17037037037037037,0.1530612244897959,-0.08061239960086779,0.14293794555197284,-1.1367427884148078,1.9503446270965252,1.893939393939394,3,0.08939393939393937,0.5463148612271419,0.25665581533271026,-0.6862348178137652,Bottom
m447,arcade,9,22,4.888888888888889,0.3055555555555556,0.5304232804232805,0.16115702479338842,-0.011417624432733125,0.17382120864830794,0.31927826609359333,-0.9822702463113022,1.6944444444444444,2,0.09920634920634921,0.6112332112332113,0.3062204645423612,-0.6801152737752161,Bottom
m18,american madness,22,56,5.090909090909091,0.12121212121212122,0.12217630853994489,0.3418367346938775,0.09457869597333882,0.1754493946884044,0.6815522025721815,0.7759981796458915,2.373684210526316,5,0.07631578947368421,0.44059535036785497,0.17568049673937433,-0.38332083645755277,Bottom
m430,manhunt,11,24,4.363636363636363,0.21818181818181817,0.14545454545454548,0.3229166666666666,-0.05901334307636099,0.10406904768988023,0.03390076860331362,0.6916508050168528,2.109090909090909,3,0.12323232323232323,0.4939056003285252,0.2631648944343353,-0.6438356164383549,Bottom
m183,slash,12,28,4.666666666666667,0.21212121212121213,0.3,0.31887755102040816,-0.06370400325347529,0.16072737187480135,-0.6923498533825041,-0.04204852375899337,2.1333333333333333,4,0.14166666666666666,0.4920437457279562,0.27558080260691814,-0.03375527426160269,Bottom
m535,stranglehold,11,20,3.6363636363636362,0.18181818181818182,0.2727272727272727,0.5449999999999999,-0.08153243055555556,0.17959255758223938,-0.6052695031090817,0.9098843022065335,2.2142857142857144,4,0.20238095238095238,0.47362689393939394,0.3161378508702644,-0.6444444444444444,Bottom
m564,the lost son,25,46,3.68,0.07666666666666666,0.0,-0.09073724007561446,0.029283244366316664,0.14996611703895268,0.03852107101800957,0.8037991029918143,1.992094861660079,3,0.04724261246000376,0.5143277222672308,0.17311464582901756,-0.8456681125484624,Bottom
m308,crazy love,9,16,3.5555555555555554,0.2222222222222222,0.0,-0.0546875,0.11949169044268268,0.09912949030247424,0.271637105483839,-0.7133251278946955,1.9444444444444444,3,0.1349206349206349,0.5379188712522046,0.29768855545770645,-0.8195488721804511,Bottom
m500,salt of the earth,14,26,3.7142857142857144,0.14285714285714285,0.0,0.2988165680473373,-0.0065651028458720735,0.13196424519858577,-0.6730318068719595,0.8967010059294585,2.318681318681319,4,0.10989010989010992,0.4504780990785047,0.2245566013806603,-0.5837563451776651,Bottom
m310,"crouching tiger, hidden dragon",15,28,3.7333333333333334,0.13333333333333333,0.02222222222222222,0.510204081632653,-0.0209054923571993,0.19159528278920468,-0.4535562443211691,1.9240516105516052,2.212121212121212,3,0.12121212121212122,0.4704928445737269,0.25014131375995813,-0.42957746478873193,Bottom
m161,platinum blonde,11,32,5.818181818181818,0.2909090909090909,0.33333333333333326,0.1328125,0.1472117017779168,0.09977213338092124,0.7318872790019185,-0.14689536298186434,1.8363636363636364,3,0.09292929292929294,0.5662876190951057,0.26919172893614907,-0.5195110484250117,Bottom
m156,panther,19,38,4.0,0.1111111111111111,0.09724310776942355,0.4778393351800554,-0.011280554799732431,0.2890995862203568,-0.2027962677064932,1.2921629327274973,2.8088235294117645,5,0.12058823529411763,0.37239877564225315,0.19589998854407392,-0.3844221105527638,Bottom
m510,seven days to live,6,12,4.0,0.4,0.36111111111111116,0.15277777777777773,0.05485953947368421,0.1861815970575193,0.6383521539269394,0.29638325595845183,1.8,3,0.20000000000000004,0.5810185185185185,0.37637312767535386,-0.4666666666666666,Bottom
m524,sounder,17,32,3.764705882352941,0.11764705882352941,0.02633053221288515,0.455078125,-0.0017304035738566984,0.16457538310029526,-1.2600779289697206,3.2627326174818014,2.4571428571428573,4,0.1120879120879121,0.4243032247934207,0.2158003563390376,-0.39506915213469634,Bottom
m466,orgy of the dead,6,12,4.0,0.4,0.36111111111111116,0.15277777777777773,0.05291456004140787,0.1636497737350271,-0.6035797630673433,-0.711393954120036,1.8,3,0.20000000000000004,0.5810185185185185,0.37637312767535386,-0.4666666666666666,Bottom
m401,isle of the dead,8,24,6.0,0.42857142857142855,0.5083333333333333,0.07986111111111108,-0.03548049543049543,0.21294589173797285,0.48195306796218673,1.7688118894132536,1.7142857142857142,3,0.11904761904761904,0.6122729700854701,0.32275843277764493,-0.38461538461538625,Bottom
m363,game 6,17,38,4.470588235294118,0.13970588235294118,0.19775910364145657,0.07340720221606646,0.022889683532783495,0.13698248289434603,-0.597197986203663,-0.010882126031888983,1.963235294117647,3,0.06421568627450981,0.5252347112152894,0.20622038104432258,-0.7215980024968787,Bottom
m345,the fantastic four,11,32,5.818181818181818,0.2909090909090909,0.24545454545454548,0.130859375,0.020468210519100468,0.11050130660030621,-0.5926989285253563,0.17605742355353105,2.018181818181818,4,0.11313131313131314,0.5193875363939854,0.2593611496735649,-0.36683417085427134,Bottom
m563,the leopard man,11,22,4.0,0.2,0.3181818181818182,0.32644628099173556,0.0708313761992512,0.13362102865231096,0.7542015335556663,0.10176839459114184,1.5333333333333334,3,0.13333333333333333,0.6769179894179894,0.3885089848944347,0.16374269005847975,Bottom
m174,the seventh victim,20,48,4.8,0.12631578947368421,0.16030303030303034,0.36631944444444436,0.051127225841219,0.19909983327293349,-0.9666290088722789,2.6077687827251417,2.5842105263157893,5,0.08801169590643274,0.405448840316965,0.17742989727816202,-0.33653239045334005,Bottom
m485,mystery of the wax museum,14,32,4.571428571428571,0.17582417582417584,0.10578231292517007,0.333984375,0.07813435803177579,0.23122591852135058,0.32777752730799137,0.1501450094542225,2.5714285714285716,5,0.13095238095238096,0.40536718536718547,0.22619339439869224,-0.6237623762376238,Bottom
m382,happy campers,12,28,4.666666666666667,0.21212121212121213,0.17500000000000002,0.2729591836734694,0.07511417659168931,0.27778801556759614,-0.9993913059431577,2.3781402242103793,2.3181818181818183,5,0.1318181818181818,0.4532090778758409,0.2441297918986675,-0.36283185840707904,Bottom
m223,true believer,17,36,4.235294117647059,0.1323529411764706,0.1385477267830209,0.12037037037037034,-0.024462889986763468,0.13220809848160492,0.3578819914023046,0.6487442586734491,2.0588235294117645,4,0.07058823529411765,0.5028792601571677,0.204466150484071,-0.7272104180945852,Bottom
m322,the devil and daniel webster,15,42,5.6,0.2,0.3193939393939394,0.25736961451247165,0.060781961807407706,0.16398859676267366,-0.23540920296686282,0.7923814053832596,2.0095238095238095,3,0.07765567765567766,0.5143208050713047,0.22363704600036322,-0.6135321100917426,Bottom
m177,shock treatment,23,46,4.0,0.09090909090909091,0.13354037267080746,0.4914933837429111,0.054388212560386465,0.15878945831748495,-0.14930721420538431,0.20324021271931603,2.8285714285714287,7,0.14065934065934066,0.37495615021657536,0.19152192058429535,0.1853957149103625,Bottom
m286,a bucket of blood,12,24,4.0,0.18181818181818182,0.17460317460317462,0.3159722222222221,0.10148398700968653,0.09053068029026562,-0.23332236376371826,-0.43074208695174754,2.0444444444444443,4,0.13055555555555554,0.5128646214466649,0.2754449468094632,-0.40166865315852196,Bottom
m616,zulu dawn,10,14,2.8,0.15555555555555556,0.0,0.5816326530612245,0.1465127380952381,0.14091268728802595,-0.7467041064782057,-0.40932587187734315,1.8,3,0.26666666666666666,0.5822222222222223,0.4261973887305469,-0.35483870967742004,Bottom
m548,taking sides,10,20,4.0,0.2222222222222222,0.13690476190476192,0.05000000000000002,0.15664647549261085,0.12201330136076514,0.445851406549797,-0.3828567455462766,1.9111111111111112,3,0.11388888888888889,0.5453804347826087,0.28137109198213545,-0.7892644135188865,Bottom
m313,the curse of the cat people,9,28,6.222222222222222,0.3888888888888889,0.4391534391534392,0.058673469387755084,0.1278981987431235,0.14784915483736744,-0.6666555222138919,0.4188351066051479,1.75,3,0.10714285714285712,0.5970153303486637,0.29677534008806145,-0.4570135746606353,Bottom
m96,invaders from mars,6,14,4.666666666666667,0.4666666666666667,0.4166666666666666,0.07142857142857142,0.010072658730158732,0.14381295028832336,-1.1813152990770865,1.7450469270142426,1.6666666666666667,3,0.16666666666666666,0.626984126984127,0.38147977087188206,-0.6041666666666654,Bottom
m605,who's your daddy?,15,32,4.266666666666667,0.1523809523809524,0.3141414141414141,0.1796875,0.08390567593706084,0.13623888532626868,-0.05538245166536467,-0.23607395476475457,1.8076923076923077,2,0.07342657342657342,0.5696477435607868,0.24563293929575383,-0.6503800217155266,Bottom
m251,asylum,14,30,4.285714285714286,0.16483516483516483,0.14545454545454545,0.15777777777777777,0.09945209511350214,0.11707111695161447,0.45416136011698854,0.4721187551464121,2.065934065934066,4,0.08882783882783883,0.5037737737737739,0.22773750878839036,-0.6633266533066131,Bottom
m83,hardcore,19,42,4.421052631578948,0.12280701754385964,0.19849624060150375,0.191609977324263,0.039397417582728085,0.1697406382113967,-1.0328106428688786,2.8547684865557166,1.9485294117647058,3,0.06323529411764707,0.529265685971907,0.20608658424034965,-0.670703441882026,Bottom
m600,waxwork,12,22,3.6666666666666665,0.16666666666666666,0.23015873015873015,0.359504132231405,0.10698251803751803,0.2046761915862676,0.04055184160825228,-0.312226011026,1.6785714285714286,2,0.1130952380952381,0.6196095571095571,0.3231771505612825,-0.4611528822055136,Bottom
m487,rambling rose,12,34,5.666666666666667,0.25757575757575757,0.4222222222222222,0.15916955017301038,0.01975108713814602,0.19675854275581256,-1.1662647654497766,4.224008029375438,2.0303030303030303,4,0.10303030303030303,0.5169584331317068,0.2470302282488683,-0.5636955636955636,Bottom
m62,frances,29,56,3.8620689655172415,0.06896551724137931,0.11524108075832214,0.1530612244897959,0.046820645109127056,0.19449794136703774,0.06984117839803387,1.359824089756283,2.0566666666666666,4,0.04594202898550725,0.4993322596525979,0.1644809509251384,-0.6673713883016208,Bottom
m562,the hebrew hammer,8,16,4.0,0.2857142857142857,0.2583333333333333,0.1484375,0.07969924209562368,0.17000310960609313,0.8080773405900251,-0.22968060951816316,1.8928571428571428,3,0.14880952380952378,0.5530181623931624,0.3183542083455325,-0.6533333333333333,Bottom
m209,the body snatcher,8,20,5.0,0.35714285714285715,0.37916666666666665,0.09999999999999998,0.054776754528039005,0.12749762794837446,0.7598196439641505,0.5458053338945152,1.7857142857142858,3,0.13095238095238093,0.5875064273961332,0.319879611133273,-0.6167664670658681,Bottom
m309,crime spree,20,64,6.4,0.16842105263157894,0.2826984126984127,0.248046875,-0.02348856491496657,0.15657860388999317,-0.44436319646544586,1.3698514191611357,2.789473684210526,6,0.09941520467836257,0.3721848870849731,0.161356683418237,-0.2412301035388657,Bottom
m69,george washington,17,38,4.470588235294118,0.13970588235294118,0.4928698752228164,0.36149584487534625,0.057888032700014136,0.1679401752014905,-0.054795313418295355,1.1400036179480528,2.038095238095238,3,0.07985347985347986,0.5070366573470022,0.22334130589013357,-0.5048579510515311,Bottom
m406,the jazz singer,2,2,2.0,1.0,0.0,-0.5,0.2148,0.23559999999999998,-1.326491274161032e-16,-1.9999999999999998,1.0,1,0.0,1.0,0.7071067811865476,,Bottom
m112,knight moves,14,36,5.142857142857143,0.1978021978021978,0.22976190476190478,0.2530864197530864,0.04055267015081269,0.1520438447452223,1.005344370769685,1.6675064505942592,2.120879120879121,3,0.09340659340659341,0.49202098770944985,0.22343865327563078,-0.5911185588604958,Bottom
m483,maniac,11,16,2.909090909090909,0.14545454545454545,0.0,0.5546875,0.03332612058080808,0.16234575136339166,0.7591641676523525,-0.29975776228823303,2.0,3,0.19999999999999998,0.5226321297749869,0.35052718846126396,-0.2972972972972973,Bottom
m385,hellraiser: hellseeker,15,28,3.7333333333333334,0.13333333333333333,0.0,-0.2678571428571427,-0.006413187666370898,0.1587999868762803,-0.07163323796581343,1.1948698158960696,1.8666666666666667,2,0.06666666666666667,0.5506172839506172,0.2235240185242034,-1.0,Bottom
m396,i walked with a zombie,9,22,4.888888888888889,0.3055555555555556,0.31216931216931215,0.14462809917355374,-0.008534960761163966,0.18038534263286043,-0.7375616717787439,0.6529308579153135,1.8333333333333333,3,0.11904761904761904,0.5693800027133361,0.2992715711742504,-0.6135646687697159,Bottom
m48,dark angel,17,38,4.470588235294118,0.13970588235294118,0.2372333548804137,0.20914127423822715,0.027486985726403932,0.1129922091208001,-0.6263513841151357,0.6844444553955795,2.0588235294117645,4,0.07058823529411765,0.5031046376644924,0.20491610949038946,-0.6447535771065185,Bottom
m234,agnes of god,10,20,4.0,0.2222222222222222,0.20277777777777778,-0.10500000000000001,0.025298080694097495,0.10967439695240437,1.0848957508316157,0.7456062451091521,1.7777777777777777,2,0.09722222222222222,0.5830882352941176,0.28395516389666986,-0.8750000000000008,Bottom
m280,bones,15,44,5.866666666666666,0.20952380952380953,0.2644444444444444,0.2871900826446281,-0.020848011701236978,0.2212256597215194,-0.012389265928639988,-0.22861361232374078,2.5142857142857142,5,0.11648351648351649,0.41293443644109407,0.20980725307623865,-0.1766953199617956,Bottom
m165,rko 281,12,31,5.166666666666667,0.24242424242424243,0.18948412698412698,0.205078125,0.0723089225561604,0.1776238311744933,1.1464163835732786,0.4653279297492996,2.090909090909091,4,0.10909090909090909,0.49684892556056254,0.2542486973100781,-0.5267569310122502,Bottom
m136,mobsters,18,46,5.111111111111111,0.1503267973856209,0.07525252525252525,0.2892249527410208,-0.028138513132568713,0.20753933242583078,0.4675614585390604,-0.24531901178415927,2.30718954248366,4,0.08169934640522876,0.45098449369133436,0.19508011693101665,-0.4451958298112147,Bottom
m188,someone to watch over me,12,26,4.333333333333333,0.19696969696969696,0.26851851851851855,0.2455621301775148,0.01781441321722571,0.12468147593002113,-0.2782486535225569,-0.9132430441532224,2.015151515151515,3,0.10151515151515152,0.5153569659004443,0.25294003993818087,-0.6772088353413654,Bottom
m572,ticker,11,28,5.090909090909091,0.2545454545454545,0.4646464646464646,0.25255102040816324,0.00576365475694499,0.15191151642450526,0.5682249487697194,0.46608349917030756,1.8909090909090909,3,0.098989898989899,0.5503922800573519,0.2635295203935977,-0.5509396636993072,Bottom
m56,even cowgirls get the blues,7,14,4.0,0.3333333333333333,0.2952380952380952,-0.06122448979591838,0.044888509962259966,0.10772337061608832,0.5740872484398138,-0.39501713297565555,1.6666666666666667,2,0.13333333333333333,0.625974025974026,0.3495281397460654,-0.848,Bottom
m484,vampyr,7,8,2.2857142857142856,0.19047619047619047,0.0,0.625,0.04483854166666666,0.15182922315018,-0.15879916596974242,-1.1144631486317125,1.3333333333333333,2,0.3333333333333333,0.7777777777777777,0.5690356063072538,-0.3333333333333333,Bottom
m268,beloved,11,28,5.090909090909091,0.2545454545454545,0.19696969696969696,0.19642857142857145,0.037736118655290404,0.1754143075956126,-0.13727161382644426,1.3756012971000295,2.2181818181818183,4,0.13535353535353536,0.4726144589161611,0.2609483242555568,-0.6100000000000009,Bottom
m513,shampoo,23,52,4.521739130434782,0.10276679841897234,0.1355629877369008,0.4282544378698225,0.03575543918150769,0.11266458611715452,-0.2567243644037031,0.8936804231143554,2.1871345029239766,3,0.0698314413484692,0.472817930293034,0.18878024828424508,-0.5298293515358361,Bottom
m413,kafka,14,27,3.857142857142857,0.15384615384615385,0.14415584415584415,0.1301020408163265,0.027422306611326223,0.1267691271814974,-1.7956495793304512,5.131245208920939,2.087912087912088,4,0.09065934065934066,0.49855283855283866,0.22743447238928308,-0.6800000000000004,Bottom
m537,suburbia,12,46,7.666666666666667,0.3484848484848485,0.45238095238095233,0.08695652173913042,0.05111694999819032,0.16309335788257276,-0.6663765180905631,0.5791589190792501,1.8636363636363635,4,0.08636363636363636,0.5642382387350314,0.25059853624734957,-0.350551876379691,Bottom
m210,the crow: salvation,11,22,4.0,0.2,0.0,0.30165289256198347,-0.1256061896273661,0.18937902779643317,-0.8254592488568253,0.6818396845783914,2.1818181818181817,4,0.1313131313131313,0.47801509995867375,0.26744619680531184,-0.5714285714285711,Bottom
m421,leviathan,10,34,6.8,0.37777777777777777,0.605,0.0709342560553633,-0.07116385236495529,0.1403141656918553,-0.6185297060342837,-0.44574146920241775,1.6666666666666667,3,0.08333333333333333,0.6198214285714286,0.2885975739909849,-0.5537634408602146,Bottom
m573,trouble in paradise,13,30,4.615384615384615,0.19230769230769232,0.2608058608058608,0.2688888888888889,0.08869125223073542,0.16363958431855186,0.28824315889346375,-0.6019305288524754,2.018181818181818,4,0.11313131313131314,0.5184224725457486,0.2633447227673995,-0.4546159813809144,Bottom
m132,meet john doe,18,42,4.666666666666667,0.13725490196078433,0.16917989417989418,0.3424036281179138,0.07381005616050977,0.16718666900624848,1.1714657533290156,4.16343791989272,2.0128205128205128,3,0.09207459207459208,0.5168748875645428,0.23859086032162077,-0.2836351875808541,Bottom
